{"cameraMode":{"drawMode":0,"name":"Shaded","section":"Shading Mode"},"sceneLighting":false,"audioPlay":false,"sceneViewState":{"showFog":true,"showMaterialUpdate":true,"showSkybox":false,"showFlares":true,"showImageEffects":true,"showParticleSystems":true},"in2DMode":false,"pivot":{"x":0.14121408760547639,"y":0.17545390129089356,"z":-0.0008833067840896547},"rotation":{"x":-0.28934913873672488,"y":-0.6839476227760315,"z":0.3447076976299286,"w":-0.5742163062095642},"size":0.8146800398826599,"orthographic":false}