{"cameraMode":{"drawMode":0,"name":"Shaded","section":"Shading Mode"},"sceneLighting":false,"audioPlay":false,"sceneViewState":{"showFog":true,"showMaterialUpdate":true,"showSkybox":false,"showFlares":true,"showImageEffects":true,"showParticleSystems":true},"in2DMode":false,"pivot":{"x":-0.020651578903198243,"y":0.04729104042053223,"z":0.4656626582145691},"rotation":{"x":-0.2966724634170532,"y":0.48630157113075259,"z":-0.17989759147167207,"w":-0.8019997477531433},"size":3.098947048187256,"orthographic":false}