{"cameraMode":{"drawMode":0,"name":"Shaded","section":"Shading Mode"},"sceneLighting":true,"audioPlay":false,"sceneViewState":{"showFog":true,"showMaterialUpdate":true,"showSkybox":true,"showFlares":true,"showImageEffects":true,"showParticleSystems":true},"in2DMode":false,"pivot":{"x":-6.170000076293945,"y":5.210000038146973,"z":21.989999771118165},"rotation":{"x":0.17051798105239869,"y":0.1405607908964157,"z":-0.024537425488233568,"w":0.9751346111297607},"size":4.284860134124756,"orthographic":true}