{"cameraMode":{"drawMode":0,"name":"Shaded","section":"Shading Mode"},"sceneLighting":true,"audioPlay":false,"sceneViewState":{"showFog":true,"showMaterialUpdate":true,"showSkybox":true,"showFlares":true,"showImageEffects":true,"showParticleSystems":true},"in2DMode":false,"pivot":{"x":-19.409263610839845,"y":-0.9952812790870667,"z":9.611275672912598},"rotation":{"x":0.35945481061935427,"y":0.04676862433552742,"z":-0.018020303919911386,"w":0.9319759607315064},"size":11.006665229797364,"orthographic":false}