{"cameraMode":{"drawMode":0,"name":"Shaded","section":"Shading Mode"},"sceneLighting":true,"audioPlay":false,"sceneViewState":{"showFog":true,"showMaterialUpdate":true,"showSkybox":true,"showFlares":true,"showImageEffects":true,"showParticleSystems":true},"in2DMode":false,"pivot":{"x":-13.11041259765625,"y":1.5077203512191773,"z":16.24363136291504},"rotation":{"x":0.2258911430835724,"y":0.30984506011009219,"z":-0.07600002735853195,"w":0.9206061363220215},"size":10.648167610168457,"orthographic":true}