{"cameraMode":{"drawMode":0,"name":"Shaded","section":"Shading Mode"},"sceneLighting":false,"audioPlay":false,"sceneViewState":{"showFog":true,"showMaterialUpdate":true,"showSkybox":false,"showFlares":true,"showImageEffects":true,"showParticleSystems":true},"in2DMode":false,"pivot":{"x":-0.0029258562717586757,"y":-0.7196568846702576,"z":-0.7152696251869202},"rotation":{"x":-0.020246243104338647,"y":0.9131251573562622,"z":-0.4048314094543457,"w":-0.045651596039533618},"size":1.5083427429199219,"orthographic":false}