{"cameraMode":{"drawMode":0,"name":"Shaded","section":"Shading Mode"},"sceneLighting":false,"audioPlay":false,"sceneViewState":{"showFog":true,"showMaterialUpdate":true,"showSkybox":false,"showFlares":true,"showImageEffects":true,"showParticleSystems":true},"in2DMode":false,"pivot":{"x":0.6786108613014221,"y":-0.5332856178283691,"z":-2.2857649326324465},"rotation":{"x":-0.02347913384437561,"y":-0.9530702829360962,"z":0.2920158803462982,"w":-0.076784648001194},"size":4.9146342277526859,"orthographic":false}