{"cameraMode":{"drawMode":0,"name":"Shaded","section":"Shading Mode"},"sceneLighting":true,"audioPlay":false,"sceneViewState":{"showFog":false,"showMaterialUpdate":false,"showSkybox":false,"showFlares":false,"showImageEffects":false,"showParticleSystems":false},"in2DMode":false,"pivot":{"x":-14.741554260253907,"y":-0.6178311109542847,"z":18.271099090576173},"rotation":{"x":0.16195999085903169,"y":0.2877007722854614,"z":-0.04937940835952759,"w":0.942820131778717},"size":6.011203289031982,"orthographic":true}