{"cameraMode":{"drawMode":0,"name":"Shaded","section":"Shading Mode"},"sceneLighting":false,"audioPlay":false,"sceneViewState":{"showFog":true,"showMaterialUpdate":true,"showSkybox":false,"showFlares":true,"showImageEffects":true,"showParticleSystems":true},"in2DMode":false,"pivot":{"x":1.465590000152588,"y":-0.6185579299926758,"z":0.04577058553695679},"rotation":{"x":0.21538540720939637,"y":0.6218529343605042,"z":-0.18342792987823487,"w":0.7303246259689331},"size":2.4022278785705568,"orthographic":false}