{"cameraMode":{"drawMode":0,"name":"Shaded","section":"Shading Mode"},"sceneLighting":true,"audioPlay":false,"sceneViewState":{"showFog":true,"showMaterialUpdate":false,"showSkybox":true,"showFlares":true,"showImageEffects":true,"showParticleSystems":true},"in2DMode":false,"pivot":{"x":5.058187961578369,"y":3.061229705810547,"z":28.332813262939454},"rotation":{"x":-0.06808419525623322,"y":-0.45989105105400088,"z":0.03539375588297844,"w":-0.8846567869186401},"size":11.852701187133789,"orthographic":false}