{"cameraMode":{"drawMode":0,"name":"Shaded","section":"Shading Mode"},"sceneLighting":false,"audioPlay":false,"sceneViewState":{"showFog":true,"showMaterialUpdate":false,"showSkybox":false,"showFlares":true,"showImageEffects":true,"showParticleSystems":true},"in2DMode":false,"pivot":{"x":-5.960464477539063e-8,"y":1.5104200839996338,"z":-2.980232238769531e-7},"rotation":{"x":-0.2529767155647278,"y":-0.09820837527513504,"z":0.025830700993537904,"w":-0.962152361869812},"size":6.368532657623291,"orthographic":false}