{"cameraMode":{"drawMode":0,"name":"Shaded","section":"Shading Mode"},"sceneLighting":true,"audioPlay":false,"sceneViewState":{"showFog":true,"showMaterialUpdate":false,"showSkybox":true,"showFlares":true,"showImageEffects":true,"showParticleSystems":true},"in2DMode":false,"pivot":{"x":-4.839385032653809,"y":1.9227325916290284,"z":25.19857406616211},"rotation":{"x":0.17421911656856538,"y":0.16374140977859498,"z":-0.029395537450909616,"w":0.9705779552459717},"size":4.33105993270874,"orthographic":false}