{"cameraMode":{"drawMode":0,"name":"Shaded","section":"Shading Mode"},"sceneLighting":true,"audioPlay":false,"sceneViewState":{"showFog":true,"showMaterialUpdate":false,"showSkybox":true,"showFlares":true,"showImageEffects":true,"showParticleSystems":true},"in2DMode":false,"pivot":{"x":-7.165069103240967,"y":1.2797502279281617,"z":24.5555477142334},"rotation":{"x":-0.08382005989551544,"y":-0.04662562906742096,"z":0.003930266480892897,"w":-0.9953948855400086},"size":9.6996488571167,"orthographic":false}