{"cameraMode":{"drawMode":0,"name":"Shaded","section":"Shading Mode"},"sceneLighting":true,"audioPlay":false,"sceneViewState":{"showFog":true,"showMaterialUpdate":false,"showSkybox":true,"showFlares":true,"showImageEffects":true,"showParticleSystems":true},"in2DMode":false,"pivot":{"x":-4.523472309112549,"y":2.8453454971313478,"z":3593.058349609375},"rotation":{"x":-0.137954980134964,"y":0.05521751195192337,"z":-0.007691051810979843,"w":-0.9888918399810791},"size":10.18602180480957,"orthographic":false}