{"cameraMode":{"drawMode":0,"name":"Shaded","section":"Shading Mode"},"sceneLighting":true,"audioPlay":false,"sceneViewState":{"showFog":true,"showMaterialUpdate":false,"showSkybox":true,"showFlares":true,"showImageEffects":true,"showParticleSystems":true},"in2DMode":false,"pivot":{"x":-4.64525032043457,"y":2.2430191040039064,"z":24.48781967163086},"rotation":{"x":0.12184388190507889,"y":0.118288055062294,"z":-0.014512493275105954,"w":0.9854094982147217},"size":6.278903007507324,"orthographic":false}