{"cameraMode":{"drawMode":0,"name":"Shaded","section":"Shading Mode"},"sceneLighting":false,"audioPlay":false,"sceneViewState":{"showFog":true,"showMaterialUpdate":false,"showSkybox":false,"showFlares":true,"showImageEffects":true,"showParticleSystems":true},"in2DMode":false,"pivot":{"x":7.417283058166504,"y":0.6588781476020813,"z":-23.789962768554689},"rotation":{"x":-0.3365480899810791,"y":0.03642622381448746,"z":-0.013018530793488026,"w":-0.9408892393112183},"size":0.8148301839828491,"orthographic":false}