{"cameraMode":{"drawMode":0,"name":"Shaded","section":"Shading Mode"},"sceneLighting":false,"audioPlay":false,"sceneViewState":{"showFog":true,"showMaterialUpdate":false,"showSkybox":false,"showFlares":true,"showImageEffects":true,"showParticleSystems":true},"in2DMode":false,"pivot":{"x":0.015443600714206696,"y":0.025643017143011094,"z":0.04748784750699997},"rotation":{"x":0.09832942485809326,"y":0.7504615783691406,"z":-0.1145145520567894,"w":0.6435147523880005},"size":1.384990930557251,"orthographic":false}